{"cameraMode":{"drawMode":0,"name":"Shaded","section":"Shading Mode"},"sceneLighting":true,"audioPlay":false,"sceneViewState":{"m_AlwaysRefresh":false,"showFog":true,"showSkybox":true,"showFlares":true,"showImageEffects":true,"showParticleSystems":true,"showVisualEffectGraphs":true,"m_FxEnabled":true},"in2DMode":false,"pivot":{"x":-19.186670303344728,"y":-2.950167655944824,"z":1.6389787197113038},"rotation":{"x":0.7248252630233765,"y":-0.010332305915653706,"z":0.010873261839151383,"w":0.6887704133987427},"size":13.295377731323243,"orthographic":false}